<?xml version="1.0" encoding="UTF-8" standalone="yes"?>
<addon id="plugin.video.xtreamcodes" name="Xtream Codes Player" version="1.0.1" provider-name="Your Name">
    <requires>
        <import addon="xbmc.python" version="3.0.0"/>
    </requires>
    <extension point="xbmc.python.plugin" library="default.py"/>
    <extension point="xbmc.addon.metadata">
        <summary>Xtream Codes IPTV Player</summary>
        <description>Plays movies, TV shows, and live TV from an Xtream Codes API.</description>
        <platform>all</platform>
    </extension>
</addon>
