<?xml version="1.0" encoding="UTF-8"?>
<addon id="plugin.video.xtreamcodes" name="Xtream Codes IPTV" version="2.0.1" provider-name="Bang">
    <requires>
        <import addon="xbmc.python" version="3.0.0"/>
    </requires>
    <extension point="xbmc.python.pluginsource" library="addon.py" />
    <extension point="xbmc.addon.metadata">
        <summary lang="en">Xtream Codes IPTV Addon</summary>
        <description lang="en">A Kodi addon to stream IPTV via Xtream Codes.</description>
        <platform>all</platform>
    </extension>
</addon>
