<?xml version='1.0' encoding='UTF-8'?>
<addon id="resource.images.skinbackgrounds.xonfluencewaynebuild" name="Skin Backgrounds Wayne Build" version="1.36" provider-name="">

	<extension point="kodi.resource.images" compile="false" type="skinbackgrounds" />
	<requires>
		<import addon="kodi.resource" version="1.0.0" />
	</requires>
	<extension point="xbmc.addon.metadata">
		<summary lang="en">Skin Backgrounds Pack - Wayne Build</summary>
		<description lang="en">Skin Backgrounds - Wayne Build</description>
		<platform>all</platform>
	</extension>
</addon>