<addon id="plugin.video.xtreamcodes" name="Xtream Codes IPTV" version="3.0" provider-name="Bang" extension="true">
    <requires>
        <import addon="xbmc.python" version="3.0.0"/>
    </requires>

    <extension point="xbmc.python.script"/>
    <extension point="xbmc.addon.metadata">
        <summary>Xtream Codes IPTV for Kodi</summary>
        <description>Allows users to connect to Xtream Codes IPTV using a server URL, username, and password.</description>
        <platform>all</platform>
    </extension>
</addon>
