<?xml version="1.0" encoding="UTF-8" standalone="yes"?>
<addon id="service.smart.epgfixer" version="1.1" name="Smart EPG Fixer" provider-name="Bang">
    <extension point="xbmc.service" library="service.py" start="startup" />
    <extension point="xbmc.addon.metadata">
        <summary>Automatically clears old EPG data and refreshes IPTV playlists to keep your guide working perfectly.</summary>
        <description>Smart EPG Fixer clears outdated EPG database files and IPTV Simple cache, then triggers IPTV Merge to rebuild your playlist and guide — keeping your TV guide fresh and synced with sources like IPTV-NZ and Sky NZ.</description>
        <platform>all</platform>
    </extension>
</addon>
